2023-08-09,"TIGE FLEUR ARTIF A258",5
2023-08-09,"SAC CADEAU MARRON E945",3
2023-08-09,"BOUGIE ANNIVERSAIRE CHIFFRE A328/E100",3
2023-08-09,"SAC CADEAU E946",3
2023-08-09,"30 BALLONS D119",3
2023-08-09,RLXNAPPEPAPIER1.2CM*10MA271,3
2023-08-09,"SUPPORT GTX A180",3
2023-08-09,RLNAPPEPAPIER40CM*5MD170,3
2023-08-09,"BOUQUET FLEUR SECHEE ",3
2023-08-09,"RUBAN 6 MM 20M",2
2023-08-09,"CHEVALET BOIS 10*15 E291",2
2023-08-09,"SUJET ELEPHANT  E377",2
2023-08-09,"50 SAC ZIPLOCK55X55X0.05MM",2
2023-08-09,"TIRELIRE METAL 8*12 E781",2
2023-08-09,RLXBOLDUC90MBLANCE471,2
2023-08-09,"3 TIGES FLEURS C136",2
2023-08-09,"TIGE FLEUR ARTIF E218",2
2023-08-09,"POMPE BALLON E106 ",2
2023-08-09,"TIGE FLEUR ARTIF A260",2
2023-08-09,"BOUGIE LED E403 ",2
2023-08-09,"SAC CADEAU  E947",2
2023-08-09,"BALLONS CHIFFRE A132",2
2023-08-09,"NOEUD RUBAN D020",2
2023-08-09,"AUTOCOLLANTS 5831",2
2023-08-09,"SAC CADEAU E957",2
2023-08-09,"KIT BALLON FESTIVE E666",2
2023-08-09,"RLXBOLDUC 90M OR E470",2
2023-08-09,"RLX CORDE 0.3*50M E742",1
2023-08-09,"LAMPE CHEVET USB E389",1
2023-08-09,"SKATE BOARD A205 CBC",1
2023-08-09,"LOT 10 COEUR E315",1
2023-08-09,"BOITE CARTON BABY  E667",1
2023-08-09,"RUBAN A COLLE  E117",1
2023-08-09,"PLATEAU FEUILLE E502",1
2023-08-09,"TIGEFLEURARTIFICIEL E179",1
2023-08-09,"30 ASSIETTE CTN A038",1
2023-08-09,"PANIER OSIER N3 E513",1
2023-08-09,"CHEVALET BOIS 14*20 E292",1
2023-08-09,"TIRELIRE METAL 8*12 E775",1
2023-08-09,"TIGEFLEURARTIFICIEL E177",1
2023-08-09,"TIGEFLEURARTIFICIEL E178",1
2023-08-09,"RLX  RUBAN 4.5M E474",1
2023-08-09,"CERCLE FLEURSECHEE E924",1
2023-08-09,"SUPPORT GTX A183",1
2023-08-09,"BOUGIE DECO E401",1
2023-08-09,"SUPPORT GTX 1 ETAGES D243 ",1
2023-08-09,TIGEFLEURARTIFICIELE187,1
2023-08-09,"BOUQUET FLEUR ARTIF E162",1
2023-08-09,"AUTOCOLLANT DECO E079",1
2023-08-09,"AUTOCOLLANT DECO E081",1
