A-063,"GUIRLANDE SAPIN PVC",1,240,240,PCS,"6,90",#VALUE!,,692022081424
A-064,"GUIRLANDE SAPIN PVC",1,240,240,PCS,"5,90",#VALUE!,,692022081425
A-065,"TIGE FLEUR NOEL",1,480,480,PCS,"4,90",#VALUE!,,692022081426
A-066,"TIGE FLEUR NOEL",1,480,480,PCS,"3,90",#VALUE!,,692022081427
A-067,"TIGE FLEUR NOEL",1,720,720,PCS,"1,90",#VALUE!,,692022081428
A-068,"TIGE FLEUR NOEL",1,720,720,PCS,"2,90",#VALUE!,,692022081429
A-069,"TIGE FLEUR NOEL",1,720,720,PCS,"2,90",#VALUE!,,692022081430
A-070,"TIGE FLEUR NOEL",1,144,144,PCS,"4,90",#VALUE!,,692022081431
A-071,"GUIRLANDE SAPIN PVC",1,144,144,PCS,"3,90",#VALUE!,,692022081432
A-072,"GUIRLANDE SAPIN PVC",1,144,144,PCS,"4,90",#VALUE!,,692022081433
A-073,"GUIRLANDE SAPIN PVC",1,144,144,PCS,"3,90",#VALUE!,,692022081434
A-074,"GUIRLANDE SAPIN PVC",1,144,144,PCS,"6,90",#VALUE!,,692022081435
A-075,"TIGE FLEUR NOEL",1,480,480,PCS,"2,90",#VALUE!,,692022081436
A-076,"TIGE FLEUR NOEL",1,240,240,PCS,"6,90",#VALUE!,,692022081437
A-077,"TIGE FLEUR NOEL",1,72,72,PCS,"8,90",#VALUE!,,692022081438
A-078,"TIGE FLEUR NOEL",1,144,144,PCS,"2,90",#VALUE!,,692022081439
A-079,"TIGE FLEUR NOEL",1,600,600,PCS,"1,90",#VALUE!,,692022081440
A-080,"TIGE FLEUR NOEL",1,72,72,PCS,"6,90",#VALUE!,,692022081441
A-081,"TIGE FLEUR NOEL",1,240,240,PCS,"4,90",#VALUE!,,692022081442
A-082,"TIGE FLEUR NOEL",1,240,240,PCS,"2,90",#VALUE!,,692022081443
A-083,"TIGE FLEUR NOEL",1,120,120,PCS,"3,90",#VALUE!,,692022081444
A-084,"SUJET CITROUILLE",1,120,120,PCS,"3,90",#VALUE!,,692022081445
A-085,"SUJET CITROUILLE",1,120,120,PCS,"3,90",#VALUE!,,692022081446
A-086,"CLOCHE DORE NOEL",1,120,120,PCS,"3,90",#VALUE!,,692022081447
A-087,"SUJET CHAMPION",1,120,120,PCS,"3,90",#VALUE!,,692022081448
A-088,"CLOCHEROUGE NOEL",1,120,120,pcs,"3,90",#VALUE!,,692022081449
A-089,"BOULES DE NOEL",1,240,240,pcs,"2,90",#VALUE!,,692022081450
A-090,"GUIRLANDE SAPIN PVC",1,72,72,pcs,"9,90",#VALUE!,,692022081451
A-091,"GUIRLANDE SAPIN PVC",1,72,72,PCS,"9,90",#VALUE!,,692022081452
A-236,"SAPIN DE NOEL 120CM VERT",100,1,100,PCS,"12,90",#VALUE!,,692022081638
A-237,"SAPIN DE NOEL 150CM VERT",100,1,100,PCS,"16,90",#VALUE!,,692022081639
A-238,"SAPIN DE NOEL 180CM VERT",30,1,30,PCS,"28,90",#VALUE!,,692022081640
A-240,"SAPIN DE NOEL 120CM BLANC",200,1,200,PCS,"11,90",#VALUE!,,692022081642
A-241,"SAPIN DE NOEL 150CM BLANC",200,1,200,PCS,"15,60",#VALUE!,,692022081643
A-242,"SAPIN DE NOEL 180CM BLANC",100,1,100,PCS,"25,90",#VALUE!,,692022081644
B-001,"JEUX DINOSAURE",1,24,24,PCS,"24,90",#VALUE!,,692023080001
B-002,"PALETTE MAQUILLAGE",1,60,60,PCS,"9,90",#VALUE!,,692023080002
B-003,"JEUX A TRICOTER DIY",1,48,48,PCS,"9,90",#VALUE!,,692023080003
B-004,"JEUX A TRICOTER DIY",1,96,96,PCS,"9,90",#VALUE!,,692023080004
B-005,"JEUX SABLE DIY",1,36,36,PCS,"4,90",#VALUE!,,692023080005
B-006,"JEUX TABLEAU",1,36,36,PCS,"9,90",#VALUE!,,692023080006
B-007,"VOITURE FRICTION",1,72,72,PCS,"7,90",#VALUE!,,692023080007
B-008,"VOITURE FRICTION",1,72,72,PCS,"7,90",#VALUE!,,692023080008
B-009,"VOITURE FRICTION",1,72,72,PCS,"7,90",#VALUE!,,692023080009
B-010,"VOITURE FRICTION",1,72,72,PCS,"7,90",#VALUE!,,692023080010
B-012,"VOITURE FRICTION",1,48,48,PCS,"11,90",#VALUE!,,692023080012
B-013,"VOITURE FRICTION",1,48,48,PCS,"11,90",#VALUE!,,692023080013
B-014,"VOITURE FRICTION",1,96,96,PCS,"8,90",#VALUE!,,692023080014
B-015,"VOITURE FRICTION",1,48,48,PCS,"10,90",#VALUE!,,692023080015
B-016,"VOITURE FRICTION",1,72,72,PCS,"8,90",#VALUE!,,692023080016
B-017,"JEUX DINOSAURE",1,96,96,PCS,"4,90",#VALUE!,,692023080017
B-018,"JEUX PIANO",3,12,36,PCS,"23,90",#VALUE!,,692023080018
B-019,"JEU CACHE CACHE",1,24,24,PCS,"16,90",#VALUE!,,692023080019
B-020,PUZZLE,1,48,48,PCS,"16,90",#VALUE!,,692023080020
B-021,REVEIL,1,24,24,PCS,"18,90",#VALUE!,,692023080021
B-026,PUZZLE,1,36,36,PCS,"22,90",#VALUE!,,692023080026
B-027,TAMBOURIN,1,60,60,PCS,"9,90",#VALUE!,,692023080027
B-028,ARDOISE,1,48,48,PCS,"14,90",#VALUE!,,692023080028
B-031,"JEU CUISINE",1,120,120,PCS,"6,90",#VALUE!,,692023080031
B-032,"JEU PLAGE PVC",1,90,90,PCS,"3,90",#VALUE!,,692023080032
B-033,"PING PONG",1,72,72,PCS,"7,90",#VALUE!,,692023080033
B-034,"JEU CHIEN",1,36,36,PCS,"18,90",#VALUE!,,692023080034
B-035,"LANCEUR BALLON",1,108,108,PCS,"7,90",#VALUE!,,692023080035
B-037,"JEU DE SOCIETE CROCODILE",1,60,60,PCS,"9,90",#VALUE!,,692023080037
B-038,"LANCEUR BALLON",1,48,48,PCS,"11,90",#VALUE!,,692023080038
B-039,"JE DE SOCIETE",1,60,60,PCS,"9,90",#VALUE!,,692023080039
B-040,"JOUET MACHINE A COUDRE",1,48,48,PCS,"20,90",#VALUE!,,692023080040
B-045,"JOUET CANON",2,24,48,PCS,"20,90",#VALUE!,,692023080045
B-046,"JOUET CANON",2,24,48,PCS,"20,90",#VALUE!,,692023080046
B-047,"JOUET CANON",2,24,48,PCS,"20,90",#VALUE!,,692023080047
B-048,"SIFFLET CANARD",1,192,192,PCS,"1,0",#VALUE!,,692023080048
B-049,"SIFFLET LICORNE",1,192,192,PCS,"1,0",#VALUE!,,692023080049
B-051,"JEU PISTOLET",1,72,72,PCS,"6,90",#VALUE!,,692023080051
B-052,"JEU PISTOLET",1,48,48,PCS,"9,90",#VALUE!,,692023080052
B-053,"JEU PISTOLET",1,84,84,PCS,"5,90",#VALUE!,,692023080053
B-055,"JEU DE PERLES",1,120,120,PCS,"15,90",#VALUE!,,692023080055
B-181,"JEU DE SOCIETE ",1,120,120,PCS,"8,90",#VALUE!,,692023080181
A-204,SKATE-BOARD,10,5,50,PCS,"29,9",#VALUE!,,692022081606
A-254,"TAPIS ENFANT",5,10,50,PCS,"14,90",#VALUE!,,692022081656
B-057,"SEAU CITROUILLE HALLOWEEN",5,120,600,PCS,"2,90",#VALUE!,,692023080057
B-058,"SEAU CITROUILLE HALLOWEEN",5,60,300,PCS,"3,90",#VALUE!,,692023080058
B-059,"BALAI SORCIERES",1,200,200,PCS,"3,90",#VALUE!,,692023080059
B-060,"BALAI SORCIERES",1,200,200,PCS,"3,90",#VALUE!,,692023080060
B-061,"ACCESOIRE TRONCONNEUSE FAUX",1,120,120,PCS,"3,90",#VALUE!,,692023080061
B-062,"ACCESOIRE TRONCONNEUSE FAUX",1,120,120,PCS,"4,90",#VALUE!,,692023080062
B-063,"ACCESOIRE TRONCONNEUSE FAUX",1,168,168,PCS,"4,90",#VALUE!,,692023080063
B-064,"CAPE D'HALLOWEEN",1,50,50,PCS,"11,90",#VALUE!,,692023080064
B-065,"CAPE D'HALLOWEEN",1,200,200,PCS,"8,90",#VALUE!,,692023080065
B-066,"CAPE D'HALLOWEEN",1,150,150,PCS,"8,90",#VALUE!,,692023080066
B-067,"COSTUME HALLOWEEN",1,120,120,PCS,"5,90",#VALUE!,,692023080067
B-068,"COSTUME HALLOWEEN",1,120,120,PCS,"6,90",#VALUE!,,692023080068
B-069,"NAPPE CIRE",1,300,300,PCS,"4,90",#VALUE!,,692023080069
B-070,"ACCESOIRE GANTS HOLLOWEEN",1,300,300,PCS,"2,90",#VALUE!,,692023080070
B-071,"NAPPE CIRE",1,250,250,PCS,"3,90",#VALUE!,,692023080071
B-072,"TATTOUAGE HOLLOWEEN",1,300,300,PCS,"2,90",#VALUE!,,692023080072
B-073,"TIGES DE CONTON",1,600,600,PCS,"1,90",#VALUE!,,692023080073
B-074,"TIGES DE CONTON",1,600,600,PCS,"1,90",#VALUE!,,692023080074
B-075,"COSTUME HALLOWEEN",1,60,60,PCS,"24,90",#VALUE!,,692023080075
B-076,"COSTUME HALLOWEEN",1,120,120,PCS,"23,90",#VALUE!,,692023080076
B-077,"COSTUME HALLOWEEN",1,60,60,PCS,"24,90",#VALUE!,,692023080077
B-078,"COSTUME HALLOWEEN",1,120,120,PCS,"23,90",#VALUE!,,692023080078
B-079,"COSTUME HALLOWEEN",1,60,60,PCS,"19,9",#VALUE!,,692023080079
B-080,"COSTUME HALLOWEEN",1,120,120,PCS,"19,90",#VALUE!,,692023080080
B-081,"CHAPEAU SORCIERE",1,240,240,PCS,"3,90",#VALUE!,,692023080081
B-082,"CHAPEAU SORCIERE",1,120,120,PCS,"3,90",#VALUE!,,692023080082
B-083,"SAC CITROUILLE",1,600,600,PCS,"1,90",#VALUE!,,692023080083
B-084,"SAC CITROUILLE",1,240,240,PCS,"5,90",#VALUE!,,692023080084
B-085,"TRIDENT HALLOWEEN",1,180,180,PCS,"2,90",#VALUE!,,692023080085
B-086,"ACCESOIRE GANTS HOLLOWEEN",2,100,200,PCS,"4,90",#VALUE!,,692023080086
B-087,"ACCESOIRE TETE MORT HOLLOWEEN",1,100,100,PCS,"4,90",#VALUE!,,692023080087
B-088,"ACCESOIRE TETE MORT HOLLOWEEN",1,100,100,PCS,"6,90",#VALUE!,,692023080088
B-089,"CAPE D'HALLOWEEN",1,100,100,PCS,"9,90",#VALUE!,,692023080089
B-090,"COSTUME HALLOWEEN",1,50,50,PCS,"21,90",#VALUE!,,692023080090
B-091,"COSTUME HALLOWEEN",1,50,50,PCS,"21,90",#VALUE!,,692023080091
B-092,"COSTUME HALLOWEEN",1,50,50,PCS,"20,90",#VALUE!,,692023080092
B-093,"COSTUME HALLOWEEN",1,50,50,PCS,"27,90",#VALUE!,,692023080093
B-094,"COSTUME HALLOWEEN",1,50,50,PCS,"14,90",#VALUE!,,692023080094
B-095,"COSTUME HALLOWEEN",1,50,50,PCS,"23,90",#VALUE!,,692023080095
B-096,"COSTUME HALLOWEEN",1,50,50,PCS,"23,90",#VALUE!,,692023080096
B-097,"COSTUME HALLOWEEN",1,50,50,PCS,"24,90",#VALUE!,,692023080097
B-098,"COSTUME HALLOWEEN",3,20,60,PCS,"23,90",#VALUE!,,692023080098
B-099,"COSTUME HALLOWEEN",1,50,50,PCS,"23,90",#VALUE!,,692023080099
B-100,"CAPE D'HALLOWEEN",1,50,50,PCS,"18,90",#VALUE!,,692023080100
B-101,"COSTUME HALLOWEEN",1,50,50,PCS,"23,90",#VALUE!,,692023080101
B-102,"COSTUME HALLOWEEN",1,50,50,PCS,"29,90",#VALUE!,,692023080102
B-103,"COSTUME HALLOWEEN",1,50,50,PCS,"29,90",#VALUE!,,692023080103
B-104,"COSTUME HALLOWEEN",1,50,50,PCS,"32,90",#VALUE!,,692023080104
B-105,"COSTUME HALLOWEEN",1,50,50,PCS,"29,90",#VALUE!,,692023080105
B-106,"COSTUME HALLOWEEN",1,50,50,PCS,"29,90",#VALUE!,,692023080106
B-107,"COSTUME HALLOWEEN",1,50,50,PCS,"29,90",#VALUE!,,692023080107
B-108,"COSTUME HALLOWEEN",1,50,50,PCS,"29,90",#VALUE!,,692023080108
B-109,"COSTUME HALLOWEEN",1,50,50,PCS,"34,90",#VALUE!,,692023080109
B-110,"COSTUME HALLOWEEN",1,50,50,PCS,"22,90",#VALUE!,,692023080110
B-111,"COSTUME HALLOWEEN",1,50,50,PCS,"25,90",#VALUE!,,692023080111
B-112,"COSTUME HALLOWEEN",1,50,50,PCS,"29,90",#VALUE!,,692023080112
B-113,"COSTUME HALLOWEEN",1,50,50,PCS,"37,90",#VALUE!,,692023080113
B-114,"COSTUME HALLOWEEN",1,50,50,PCS,"32,90",#VALUE!,,692023080114
B-115,"COSTUME HALLOWEEN",7,22,154,PCS,"27,90",#VALUE!,,692023080115
B-115,"COSTUME HALLOWEEN",2,23,46,PCS,"27,90",#VALUE!,,692023080115
B-116,"SAC CADEAU 18*23*10CM",2,720,1440,PCS,"1,20",#VALUE!,,692023080116
B-117,"SAC CADEAU 26*32*10CM",2,480,960,PCS,"1,50",#VALUE!,,692023080117
B-118,"SAC CADEAU 30*41.5*12CM",2,360,720,PCS,"1,90",#VALUE!,,692023080118
B-119,"SAC CADEAU VIN 10.5*36*10",1,720,720,PCS,"1,90",#VALUE!,,692023080119
B-120,"SAC CADEAU MARRON 21*15*8",1,1200,1200,PCS,"5,90",#VALUE!,,692023080120
B-121,"SAC CADEAU MARRON 27*21*11",1,840,840,PCS,"7,90",#VALUE!,,692023080121
B-122,"SAC CADEAU MARRON 33*26*12",1,600,600,PCS,"9,90",#VALUE!,,692023080122
B-133,"ROBE TUTU TISSU",1,200,200,PCS,"9,90",#VALUE!,,692023080133
B-134,"ROBE TUTU TISSU",1,200,200,PCS,"9,90",#VALUE!,,692023080134
B-135,"ROBE TUTU TISSU",1,200,200,PCS,"9,90",#VALUE!,,692023080135
B-136,"ROBE TUTU TISSU",1,200,200,PCS,"9,90",#VALUE!,,692023080136
B-137,"ROBE TUTU TISSU",1,200,200,PCS,"9,90",#VALUE!,,692023080137
B-138,"ROBE TUTU TISSU",1,200,200,PCS,"9,90",#VALUE!,,692023080138
B-139,"GUIRLANDE CITROUILLE HALLOWEEN",1,120,120,PCS,"5,90",#VALUE!,,692023080139
B-140,"GUIRLANDE CITROUILLE HALLOWEEN",1,120,120,PCS,"5,90",#VALUE!,,692023080140
B-141,"GUIRLANDE CITROUILLE HALLOWEEN",1,120,120,PCS,"5,90",#VALUE!,,692023080141
B-142,"GUIRLANDE CITROUILLE HALLOWEEN",1,120,120,PCS,"4,90",#VALUE!,,692023080142
B-143,"GUIRLANDE CITROUILLE HALLOWEEN",1,120,120,PCS,"5,90",#VALUE!,,692023080143
B-144,"ACCESOIRE SERRE TETE HOLLOWEEN",1,200,200,PCS,"1,90",#VALUE!,,692023080144
1093,"BULLES SAVON",1,144,144,PCS,"2,90",#VALUE!,,692023080146
8080,"BULLES SAVON",1,108,108,PCS,"2,90",#VALUE!,,692023080147
6032,"BULLES SAVON",1,108,108,PCS,"2,90",#VALUE!,,692023080148
6020,"BULLES SAVON",1,96,96,PCS,"2,90",#VALUE!,,692023080149
8003,"BULLES SAVON",1,432,432,PCS,"0,90",#VALUE!,,692023080150
6008,"BULLES SAVON",1,432,432,PCS,"0,90",#VALUE!,,692023080151
8002,"BULLES SAVON",1,432,432,PCS,"0,90",#VALUE!,,692023080152
198,"BULLES SAVON",2,36,72,PCS,"5,90",#VALUE!,,692023080153
333-20,"BULLES SAVON",1,72,72,PCS,"8,90",#VALUE!,,692023080154
333-20,"BULLES SAVON",1,72,72,PCS,"8,90",#VALUE!,,692023080155
333-19,"BULLES SAVON",1,72,72,PCS,"10,90",#VALUE!,,692023080156
333-26,"BULLES SAVON",1,60,60,PCS,"10,90",#VALUE!,,692023080157
889-5A,"BULLES SAVON",1,96,96,PCS,"5,90",#VALUE!,,692023080158
889-9A,"BULLES SAVON",1,96,96,PCS,"5,90",#VALUE!,,692023080159
KM1388-51,"BULLES SAVON",1,48,48,PCS,"9,90",#VALUE!,,692023080160
KM1388-52,"BULLES SAVON",1,48,48,PCS,"9,90",#VALUE!,,692023080161
168,"BULLES SAVON",2,288,576,PCS,"0,90",#VALUE!,,692023080162
168,"BULLES SAVON",1,288,288,PCS,"0,90",#VALUE!,,692023080163
168,"BULLES SAVON",1,288,288,PCS,"0,90",#VALUE!,,692023080164
MCS301-5,"JEU CERCLE",1,480,480,PCS,"1,90",#VALUE!,,692023080165
B-168,"SUPPORT 3 PLATEAUX BOIS DQ-008",1,6,6,PCS,"59,90",#VALUE!,,692023080168
B-170,"ACCESSOIRE EPEE 75CM",2,100,200,PCS,"4,90",#VALUE!,,692023080170
B-172,"JEU PUZZLE",1,500,500,PCS,"0,90",#VALUE!,,692023080172
B-173,"JEU PUZZLE",1,200,200,PCS,"2,90",#VALUE!,,692023080173
B-174,"JEU PUZZLE",1,100,100,PCS,"4,90",#VALUE!,,692023080174
B-175,"JEU PUZZLE",1,100,100,PCS,"5,90",#VALUE!,,692023080175
B-176,"JEU EVEIL PERLE BOIS MUT-012",1,96,96,PCS,"4,90",#VALUE!,,692023080176
B-177,"JEU EVEIL PERLE BOIS MUT-012",1,24,24,PCS,"14,90",#VALUE!,,692023080177
B-178,"JEU EVEIL PERLE BOIS MC-015",1,60,60,PCS,"13,90",#VALUE!,,692023080178
B-179,"JEU EVEIL PERLE BOIS MC-012",1,40,40,PCS,"14,90",#VALUE!,,692023080179
B-183,"ASSIETTE PAPIER 25*35CM DORE",5,200,1000,PCS,"4,90",#VALUE!,,692023080183
B-185,"ASSIETTE PAPIER 30*40CM DORE",10,100,1000,PCS,"5,90",#VALUE!,,692023080185
B-187,"ASSIETTE PAPIER 33CM DORE",5,200,1000,PCS,"5,90",#VALUE!,,692023080187
B-196,"SUJET DECO RESINE",1,48,48,PCS,"11,90",#VALUE!,,692023080196
B-197,"SUJET DECO RESINE",1,48,48,PCS,"12,90",#VALUE!,,692023080197
B-198,"SUJET DECO RESINE",1,36,36,PCS,"10,90",#VALUE!,,692023080198
B-199,"SUJET DECO RESINE",2,18,36,PCS,"14,90",#VALUE!,,692023080199
B-208,STICKERS,1,1200,1200,PCS,"1,90",#VALUE!,,692023080208
B-209,STICKERS,1,1200,1200,PCS,"1,90",#VALUE!,,692023080209
B-210,"STICKERS ",1,1200,1200,PCS,"1,90",#VALUE!,,692023080210
B-211,"STICKERS ONGLE",1,600,600,PCS,"3,90",#VALUE!,,692023080211
B-212,"STICKERS ONGLE",1,600,600,PCS,"3,90",#VALUE!,,692023080212
B-213,"STICKERS ONGLE",1,600,600,PCS,"3,90",#VALUE!,,692023080213
B-214,"LOT SET-TABLE",1,200,200,PCS,"3,90",#VALUE!,,692023080214
B-215,"LOT SET-TABLE",1,300,300,PCS,"1,90",#VALUE!,,692023080215
B-219,"LOT SET-TABLE",1,200,200,PCS,"1,90",#VALUE!,,692023080219
B-220,"LOT SET-TABLE",1,200,200,PCS,"1,90",#VALUE!,,692023080220
B-221,"LOT SET-TABLE",1,200,200,PCS,"1,90",#VALUE!,,692023080221
B-223,"LOT SET-TABLE",1,200,200,PCS,"1,90",#VALUE!,,692023080223
B-256,"LUSTRE CRYTAL",1,3,3,PCS,"299,0",#VALUE!,,692023080256
B-257,"LUSTRE CRYTAL",1,2,2,PCS,"299,0",#VALUE!,,692023080257
B-225,"ASSIETTE EN PAPIER",1,240,240,PCS,"1,90",#VALUE!,,692023080225
B-226,"ASSIETTE EN PAPIER",1,240,240,PCS,"2,90",#VALUE!,,692023080226
B-228,"SERVIETTE DE PAPIER",1,240,240,PCS,"2,90",#VALUE!,,692023080228
B-229,SERPENTINS,1,240,240,PCS,"1,90",#VALUE!,,692023080229
B-230,"ASSIETTE EN PAPIER",1,240,240,PCS,"1,90",#VALUE!,,692023080230
B-233,"SERVIETTE DE PAPIER",2,240,480,PCS,"3,90",#VALUE!,,692023080233
B-236,"ASSIETTE EN PAPIER",1,240,240,PCS,"1,90",#VALUE!,,692023080236
B-239,"SERVIETTE DE PAPIER",2,240,480,PCS,"3,90",#VALUE!,,692023080239
B-240,"SERVIETTE DE PAPIER",1,240,240,PCS,"2,90",#VALUE!,,692023080240
B-241,"SERVIETTE DE PAPIER",2,240,480,PCS,"2,90",#VALUE!,,692023080241
B-242,"SERVIETTE DE PAPIER",2,240,480,PCS,"2,90",#VALUE!,,692023080242
S6543,"SAPIN NOEL ( EMBOUT TOURNE)",5,1,5,PCS,"399,0",#VALUE!,#VALUE!,8420220365437
S2261,"SAPIN NOEL ( EMBOUT TOURNE)",3,6,18,PCS,"14,90",#VALUE!,#VALUE!,8420210322617
S5442,"SAPIN NOEL ( EMBOUT TOURNE)",5,6,30,PCS,"15,90",#VALUE!,#VALUE!,8420220354424
S5463,"SAPIN NOEL ( EMBOUT TOURNE)",5,6,30,PCS,"13,90",#VALUE!,#VALUE!,8420220354639
Q3082,"BOULES DE NOEL",2,10,20,PCS,"13,90",#VALUE!,#VALUE!,8420210330827
S5420,"SAPIN NOEL ( EMBOUT TOURNE)",5,6,30,PCS,"11,90",#VALUE!,#VALUE!,8420220354202
Q3081,"BOULES DE NOEL",2,10,20,PCS,"13,90",#VALUE!,#VALUE!,8420210330810
S2226,"SAPIN NOEL ( EMBOUT TOURNE)",10,1,10,PCS,"49,90",#VALUE!,#VALUE!,8420210322266
Q3090,"BOULES DE NOEL",2,10,20,PCS,"8,90",#VALUE!,#VALUE!,8420210330902
Q3092,"BOULES DE NOEL",3,10,30,PCS,"9,90",#VALUE!,#VALUE!,8420210330926
S2263,"SAPIN NOEL ( EMBOUT TOURNE)",10,1,10,PCS,"69,90",#VALUE!,#VALUE!,8420210322631
98132,"GUIRLANDES LED 6M ",9,6,54,PCS,"26,90",#VALUE!,#VALUE!,8419859981323
Q3091,"BOULES DE NOEL",3,10,30,PCS,"8,90",#VALUE!,#VALUE!,8420210330919
Q3080,"BOULES DE NOEL",2,10,20,PCS,"12,90",#VALUE!,#VALUE!,8420210330803
B5537,"TIGES FLEUR NOEL30CM",3,24,72,PCS,"3,90",#VALUE!,#VALUE!,8420220355377
H4391,"TIGE FLEUR NOEL",1,24,24,PCS,"2,90",#VALUE!,#VALUE!,8420220343916
F7411,"ACCESOIRE LUNETTES NOEL",2,24,48,PCS,"3,90",#VALUE!,#VALUE!,8420220374118
S5423,"SAPIN NOEL ( EMBOUT TOURNE)",10,1,10,PCS,"69,90",#VALUE!,#VALUE!,8420220354233
S5446,"SAPIN NOEL ( EMBOUT TOURNE)",5,1,5,PCS,"169,90",#VALUE!,#VALUE!,8420220354462
B5534,"TIGES FLEUR NOEL 30CM",9,24,216,PCS,"3,90",#VALUE!,#VALUE!,8420220355346
S2221,"SAPIN NOEL ( EMBOUT TOURNE)",4,12,48,PCS,"4,90",#VALUE!,#VALUE!,8420210322211
Z0653,"ACCESOIRE BOULES NOEL HG18-801",1,24,24,PCS,"4,90",#VALUE!,#VALUE!,8420220306539
S2227,"SAPIN NOEL ( EMBOUT TOURNE)",10,1,10,PCS,"69,90",#VALUE!,#VALUE!,8420210322273
Z0656,"ACCESOIRE BOULES NOEL HG18-606",1,8,8,PCS,"6,90",#VALUE!,#VALUE!,8420220306560
Z0658,"ACCESOIRE BOULES NOEL HG18-618",1,8,8,PCS,"9,90",#VALUE!,#VALUE!,8420220306584
Q3088,"BOULES DE NOEL",2,10,20,PCS,"13,90",#VALUE!,#VALUE!,8420210330889
H4392,"TIGE FLEUR NOEL",1,24,24,PCS,"3,90",#VALUE!,#VALUE!,8420220343923
Q3087,"BOULES DE NOEL",2,10,20,PCS,"13,90",#VALUE!,#VALUE!,8420210330872
Q3089,"BOULES DE NOEL",2,10,20,PCS,"8,90",#VALUE!,#VALUE!,8420210330896
Q3084,"BOULES DE NOEL",2,10,20,PCS,"13,90",#VALUE!,#VALUE!,8420210330841
98136B,"GUIRLANDES  LED 15M",9,6,54,PCS,"39,90",#VALUE!,#VALUE!,7419859981362
S2302,"SAPIN NOEL ( EMBOUT TOURNE)",3,6,18,PCS,"10,90",#VALUE!,#VALUE!,8420210323027
Z3796,"ACCESOIRE BOULES NOEL",1,24,24,PCS,"3,90",#VALUE!,#VALUE!,8420220337960
Z0654,"ACCESOIRE BOULES NOEL HG18-806",1,24,24,PCS,"4,90",#VALUE!,#VALUE!,8420220306546
Q3079,"BOULES DE NOEL",2,10,20,PCS,"13,90",#VALUE!,#VALUE!,8420210330797
Z3801,"ACCESOIRE BOULES NOEL",2,24,48,PCS,"3,90",#VALUE!,#VALUE!,8420220338011
S5467,"SAPIN NOEL ( EMBOUT TOURNE)",5,1,5,PCS,"129,90",#VALUE!,#VALUE!,8420220354677
C3168,"TAPIS NOEL",1,24,24,PCS,"5,90",#VALUE!,#VALUE!,8420220331685
F4515,"ACCESOIRE SERRE TETE NOEL",3,24,72,PCS,"3,90",#VALUE!,#VALUE!,8420220345156
F7412,"ACCESOIRE LUNETTES NOEL",4,24,96,PCS,"2,90",#VALUE!,#VALUE!,8420220374125
Q3083,"BOULES DE NOEL",2,10,20,PCS,"13,90",#VALUE!,#VALUE!,8420210330834
F7422,"ACCESOIRE SERRE TETE NOEL",5,24,120,PCS,"3,90",#VALUE!,#VALUE!,8420220374224
H4389,"TIGE FLEUR NOEL",2,24,48,PCS,"3,90",#VALUE!,#VALUE!,8420220343893
Z0652,"ACCESOIRE BOULES NOELHG18-803",1,24,24,PCS,"4,90",#VALUE!,#VALUE!,8420220306522
Q3086,"BOULES DE NOEL",2,10,20,PCS,"13,90",#VALUE!,#VALUE!,8420210330865
S2306,"SAPIN NOEL ( EMBOUT TOURNE)",10,1,10,PCS,"89,90",#VALUE!,#VALUE!,8420210323065
Z0204,"ACCESOIRE BOULES NOEL8*12CM",1,12,12,PCS,"2,90",#VALUE!,#VALUE!,8420220302043
F4558,"BONNET NOEL",,12,12,PCS,"6,90",#VALUE!,#VALUE!,8420220345583
Z1977,"BOITE MUSICAL NOEL JOCM069 23*16*17CM",,1,1,PCS,"69,90",#VALUE!,#VALUE!,8420220319775
F4565,"BONNET NOEL",,24,24,PCS,"6,90",#VALUE!,#VALUE!,8420220345651
F4592,"ACCESOIRE SERRE TETE NOEL",,48,48,PCS,"2,90",#VALUE!,#VALUE!,8420220345927
F6689,"BONNET NOEL",,12,12,PCS,"6,90",#VALUE!,#VALUE!,8420220366892
Z1976,"BOITE MUSICAL NOEL JOCM037 28*10*16CM",,2,2,PCS,"59,90",#VALUE!,#VALUE!,8420220319768
F4717,"BONNET NOEL",1,192,192,PCS,"0,90",#VALUE!,#VALUE!,8420220347174
Z1974,"BOITE MUSICAL NOEL JOCM022 23*12*14CM",,3,3,PCS,"59,90",#VALUE!,#VALUE!,8420220319744
Z1970,"BOITE MUSICAL NOEL JOCML170 23*16*20CM",,2,2,PCS,"75,90",#VALUE!,#VALUE!,8420220319706
Z7362,"CONTENANT DRAGEE 6*6cm",1,48,48,PCS,"1,90",#VALUE!,#VALUE!,8420220373623
Z1977,"BOITE MUSICAL NOEL JOCM069 23*16*17CM",,2,2,PCS,"69,90",#VALUE!,#VALUE!,8420220319775
B5147,"TIGES FLEUR NOEL 10CM*200CM",,12,12,PCS,"4,90",#VALUE!,#VALUE!,8420220351478
Z1976,"BOITE MUSICAL NOEL JOCM037 28*10*16CM",,4,4,PCS,"59,90",#VALUE!,#VALUE!,8420220319768
Z7361,"ETOILE SAPIN 19CM",,24,24,PCS,"1,90",#VALUE!,#VALUE!,8420220373616
B5141,"TIGES FLEUR NOEL 10CM*200CM",,12,12,PCS,"4,90",#VALUE!,#VALUE!,8420220351416
Z0218,"ACCESOIRE BOULES NOEL 6*10CM",1,12,12,PCS,"2,90",#VALUE!,#VALUE!,8420220302180
C2374,"TABLIER NOEL",,24,24,PCS,"3,90",#VALUE!,#VALUE!,8420220323741
B5094,"TIGES FLEUR NOEL 3.8CM*12PCS ",,48,48,PCS,"1,90",#VALUE!,#VALUE!,8420220350945
B4239,"BOITES CADEAU NOEL 15*15*15CM",,24,24,PCS,"2,90",#VALUE!,#VALUE!,8420220342391
Z3215,"ACCESOIRE BOULES NOEL",,24,24,PCS,"2,90",#VALUE!,#VALUE!,8420220332156
Z0163,"ACCESOIRE BOULES NOEL 7*12CM",,24,24,PCS,"3,90",#VALUE!,#VALUE!,8420220301633
Z5258,"ACCESOIRE BOULES NOEL",,24,24,PCS,"3,90",#VALUE!,#VALUE!,8420220352581
F4546,"BONNET NOEL",,24,24,PCS,"4,90",#VALUE!,#VALUE!,8420220345460
B5095,"TIGES FLEUR NOEL 3.8CM*12PCS",,24,24,PCS,"4,90",#VALUE!,#VALUE!,8420220350952
Z3223,"ACCESOIRE BOULES NOEL",,24,24,PCS,"3,90",#VALUE!,#VALUE!,8420220332231
B5096,"TIGES FLEUR NOEL 3.8CM*12PCS",,48,48,PCS,"1,90",#VALUE!,#VALUE!,8420220350969
Z0237,"ACCESOIRE BOULES NOEL",,24,24,PCS,"3,90",#VALUE!,#VALUE!,8420220302371
Z0159,"ACCESOIRE BOULES NOEL 6*10CM",,24,24,PCS,"3,90",#VALUE!,#VALUE!,8420220301596
B4240,"BOITES CADEAU NOEL 22*22*22CM",,36,36,PCS,"3,90",#VALUE!,#VALUE!,8420220342407
Z0179,"ACCESOIRE BOULES NOEL 6.5*11CM",1,12,12,PCS,"4,90",#VALUE!,#VALUE!,8420220301794
Z5193,"ACCESOIRE BOULES NOEL",,48,48,PCS,"1,90",#VALUE!,#VALUE!,8420220351935
H4391,"TIGE FLEUR NOEL",,24,24,PCS,"3,90",#VALUE!,#VALUE!,8420220343916
F4580,"ACCESOIRE SERRE TETE NOEL",,24,24,PCS,"2,90",#VALUE!,#VALUE!,8420220345804
F4579,"ACCESOIRE SERRE TETE NOEL",,24,24,PCS,"2,90",#VALUE!,#VALUE!,8420220345798
Q5556,"BOULES DE NOEL",,30,30,PCS,"3,90",#VALUE!,#VALUE!,8420220355568
Z0222,"ACCESOIRE BOULES NOEL 14.5*16CM",,24,24,PCS,"3,90",#VALUE!,#VALUE!,8420220302227
H4393,"TIGE FLEUR NOEL",,48,48,PCS,"2,90",#VALUE!,#VALUE!,8420220343930
Z5165,"ACCESOIRE BOULES NOEL",,24,24,PCS,"1,90",#VALUE!,#VALUE!,8420220351652
Z5940,"ACCESOIRE BOULES NOEL",1,36,36,PCS,"2,90",#VALUE!,#VALUE!,8420220359405
F4738,"ACCESOIRE SERRE TETE NOEL",,24,24,PCS,"1,90",#VALUE!,#VALUE!,8420220347389
F4717,"BONNET NOEL",,48,48,PCS,"0,90",#VALUE!,#VALUE!,8420220347174
F4579,"ACCESOIRE SERRE TETE NOEL",,24,24,PCS,"2,90",#VALUE!,#VALUE!,8420220345798
Z3190,"ACCESOIRE BOULES NOEL",,24,24,PCS,"5,90",#VALUE!,#VALUE!,8420220331906
B6079,"STICKERS NOEL JJ-SDE20.5*26CM",,60,60,PCS,"1,90",#VALUE!,#VALUE!,8420220360791
Z0160,"ACCESOIRE BOULES NOEL 7*12CM",,24,24,PCS,"2,90",#VALUE!,#VALUE!,8420220301602
Z0219,"ACCESOIRE BOULES NOEL7*12CM",,24,24,PCS,"2,90",#VALUE!,#VALUE!,8420220302197
Z0156,"ACCESOIRE BOULES NOEL 9*19CM",,24,24,PCS,"3,90",#VALUE!,#VALUE!,8420220301565
Z3186,"ACCESOIRE BOULES NOEL",,24,24,PCS,"4,90",#VALUE!,#VALUE!,8420220331869
F4578,"ACCESOIRE SERRE TETE NOEL",,48,48,PCS,"2,90",#VALUE!,#VALUE!,8420220345781
Z0164,"ACCESOIRE BOULES NOEL14.5*16CM",,24,24,PCS,"3,90",#VALUE!,#VALUE!,8420220301640
Z0162,"ACCESOIRE BOULES NOEL 7*12CM",,48,48,PCS,"2,90",#VALUE!,#VALUE!,8420220301626
F4591,"ACCESOIRE SERRE TETE NOEL",,24,24,PCS,"2,90",#VALUE!,#VALUE!,8420220345910
F4672,"ACCESOIRE LUNETTES NOEL",1,48,48,PCS,"2,90",#VALUE!,#VALUE!,8420220346726
Z2601,"NOEUD PAPILLON",,24,24,PCS,"3,90",#VALUE!,#VALUE!,8420220326018
Z3944,"NOEUD PAPILLON",,24,24,PCS,"2,90",#VALUE!,#VALUE!,8420220339445
B5140,"TIGES FLEUR NOEL 10CM*200CM",,60,60,PCS,"4,90",#VALUE!,#VALUE!,8420220351409
C6172,"PLATEAU NOEL 30*20*3.5CM",,48,48,PCS,"2,90",#VALUE!,#VALUE!,8420220361729
F4590,"ACCESOIRE SERRE TETE NOEL",,72,72,PCS,"2,90",#VALUE!,#VALUE!,8420220345903
B5145,"TIGES FLEUR NOEL 10CM*200CM",,48,48,PCS,"4,90",#VALUE!,#VALUE!,8420220351454
Z3942,"NOEUD PAPILLON",,36,36,PCS,"2,90",#VALUE!,#VALUE!,8420220339421
Z0215,"ACCESOIRE BOULES NOEL 9*19CM",1,24,24,PCS,"3,90",#VALUE!,#VALUE!,8420220302159
Z0221,"ACCESOIRE BOULES NOEL7*12CM",,24,24,PCS,"3,90",#VALUE!,#VALUE!,8420220302210
Z3209,"ACCESOIRE BOULES NOEL",,24,24,PCS,"3,90",#VALUE!,#VALUE!,8420220332095
Z0204,"ACCESOIRE BOULES NOEL8*12CM",,12,12,PCS,"2,90",#VALUE!,#VALUE!,8420220302043
Z2597,"NOEUD PAPILLON",,12,12,PCS,"3,90",#VALUE!,#VALUE!,8420220325974
Z3944,"NOEUD PAPILLON",,12,12,PCS,"2,90",#VALUE!,#VALUE!,8420220339445
C2359,"TABLIER NOEL",,24,24,PCS,"6,90",#VALUE!,#VALUE!,8420220323598
Z3183,"ACCESOIRE BOULES NOEL
 
7*16",,24,24,PCS,"3,90",#VALUE!,#VALUE!,8420220331838
F4672,"ACCESOIRE LUNETTES NOEL",,24,24,PCS,"2,90",#VALUE!,#VALUE!,8420220346726
Z7362,"CONTENANT DRAGEE 6*6cm",,60,60,PCS,"1,90",#VALUE!,#VALUE!,8420220373623
F4558,"BONNET NOEL",,12,12,PCS,"6,90",#VALUE!,#VALUE!,8420220345583
Z3193,"ACCESOIRE BOULES NOEL",,24,24,PCS,"3,90",#VALUE!,#VALUE!,8420220331937
Z1970,"BOITE MUSICAL NOEL JOCML170 23*16*20CM",,1,1,PCS,"69,90",#VALUE!,#VALUE!,8420220319706
Z0205,"ACCESOIRE BOULES NOEL 8*12CM",1,24,24,PCS,"3,90",#VALUE!,#VALUE!,8420220302050
B5142,"TIGES FLEUR NOEL 48CM*200CM",,24,24,PCS,"9,90",#VALUE!,#VALUE!,8420220351423
B5147,"TIGES FLEUR NOEL 10CM*200CM",,12,12,PCS,"4,90",#VALUE!,#VALUE!,8420220351478
B5144,"TIGES FLEUR NOEL 48CM*270CM",,24,24,PCS,"9,90",#VALUE!,#VALUE!,8420220351447
Z0145,"BOULES NOEL 8*12CM",,24,24,PCS,"2,90",#VALUE!,#VALUE!,8420220301459
B5143,"TIGES FLEUR NOEL 48CM*270CM",,24,24,PCS,"9,90",#VALUE!,#VALUE!,8420220351430
B5141,"TIGES FLEUR NOEL 10CM*200CM",,24,24,PCS,"3,90",#VALUE!,#VALUE!,8420220351416
B5139,"TIGES FLEUR NOEL 10CM*200CM",1,48,48,PCS,"3,90",#VALUE!,#VALUE!,8420220351393
F6685,"BONNET NOEL",,12,12,PCS,"6,90",#VALUE!,#VALUE!,8420220366854
B5146,"TIGES FLEUR NOEL 10CM*200CM",,36,36,PCS,"3,90",#VALUE!,#VALUE!,8420220351461
Z3189,"ACCESOIRE BOULES NOEL",,24,24,PCS,"2,90",#VALUE!,#VALUE!,8420220331890
F4592,"ACCESOIRE SERRE TETE NOEL",,24,24,PCS,"2,90",#VALUE!,#VALUE!,8420220345927
B5141,"TIGES FLEUR NOEL 10CM*200CM",,24,24,PCS,"4,90",#VALUE!,#VALUE!,8420220351416
B5704,"STICKERS NOEL 14*183PCS",,48,48,PCS,"1,90",#VALUE!,#VALUE!,8420220357043
F4589,"ACCESOIRE SERRE TETE NOEL",,48,48,PCS,"2,90",#VALUE!,#VALUE!,8420220345897
C6573,"BOUGIES LED PILE
AG34.6*3.6",,144,144,PCS,"1,00",#VALUE!,#VALUE!,8420220365734
F4578,"ACCESOIRE SERRE TETE NOEL",,24,24,PCS,"2,90",#VALUE!,#VALUE!,8420220345781
B5706,"STICKERS NOEL 14*183PCS",,72,72,PCS,"1,90",#VALUE!,#VALUE!,8420220357067
B5147,"TIGES FLEUR NOEL 10CM*200CM",,24,24,PCS,"4,90",#VALUE!,#VALUE!,8420220351478
Z0241,"ACCESOIRE BOULES NOEL10*15CM",1,24,24,PCS,"2,90",#VALUE!,#VALUE!,8420220302418
Z5224,"ACCESOIRE BOULES NOEL",,24,24,PCS,"2,90",#VALUE!,#VALUE!,8420220352246
Z0218,"ACCESOIRE BOULES NOEL 6*10CM",,12,12,PCS,"2,90",#VALUE!,#VALUE!,8420220302180
Z0149,"BOULES NOEL 7*12CM",,24,24,PCS,"2,90",#VALUE!,#VALUE!,8420220301497
B5724,"STICKERS NOEL BGJ2023-2025",,72,72,PCS,"1,90",#VALUE!,#VALUE!,8420220357241
Z3203,"ACCESOIRE BOULES NOEL",,24,24,PCS,"3,90",#VALUE!,#VALUE!,8420220332033
Z0182,"ACCESOIRE BOULES NOEL 15*15CM",,24,24,PCS,"7,90",#VALUE!,#VALUE!,8420220301824
Z0242,"ACCESOIRE BOULES NOEL10*15CM",,24,24,PCS,"2,90",#VALUE!,#VALUE!,8420220302425
Z3222,"ACCESOIRE BOULES NOEL",,24,24,PCS,"3,90",#VALUE!,#VALUE!,8420220332224
Z3216,"ACCESOIRE BOULES NOEL",,24,24,PCS,"4,90",#VALUE!,#VALUE!,8420220332163
Z3206,"ACCESOIRE BOULES NOEL",,24,24,PCS,"3,90",#VALUE!,#VALUE!,8420220332064
Z0234,"ACCESOIRE BOULES NOEL 7*12CM",,24,24,PCS,"3,90",#VALUE!,#VALUE!,8420220302340
Z3204,"ACCESOIRE BOULES NOEL",,24,24,PCS,"3,90",#VALUE!,#VALUE!,8420220332040
Z0154,"BOULES NOEL 8*19CM",,24,24,PCS,"3,90",#VALUE!,#VALUE!,8420220301541
Z0238,"ACCESOIRE BOULES NOEL 15*15CM",,24,24,PCS,"7,90",#VALUE!,#VALUE!,8420220302388
Z0175,"ACCESOIRE BOULES NOEL6.5*10.5CM",,24,24,PCS,"3,90",#VALUE!,#VALUE!,8420220301756
Z0181,"ACCESOIRE BOULES NOEL 7*12CM",,24,24,PCS,"3,90",#VALUE!,#VALUE!,8420220301817
Z7361,"ETOILE SAPIN 19CM",,48,48,PCS,"1,90",#VALUE!,#VALUE!,8420220373616
Z3205,"ACCESOIRE BOULES NOEL",,24,24,PCS,"3,90",#VALUE!,#VALUE!,8420220332057
B4239,"BOITES CADEAU NOEL 15*15*15CM",1,36,36,PCS,"2,90",#VALUE!,#VALUE!,8420220342391
B5809,"STICKERS NOEL BGJ-6083-1-2-312X17CM",,24,24,PCS,"2,90",#VALUE!,#VALUE!,8420220358095
Q5556,"BOULES DE NOEL",,42,42,PCS,"3,90",#VALUE!,#VALUE!,8420220355568
B4238,"BOITES CADEAU NOEL 10*10*10CM",,96,96,PCS,"1,90",#VALUE!,#VALUE!,8420220342384
B4241,"BOITES CADEAU NOEL 15*15*15CM",,60,60,PCS,"5,90",#VALUE!,#VALUE!,8420220342414
B4240,"BOITES CADEAU NOEL 22*22*22CM",,24,24,PCS,"3,90",#VALUE!,#VALUE!,8420220342407
Z5291,"ACCESOIRE BOULES NOEL",1,24,24,PCS,"2,90",#VALUE!,#VALUE!,8420220352918
Z1977,"BOITE MUSICAL NOEL JOCM069 23*16*17CM",,3,3,PCS,"69,90",#VALUE!,#VALUE!,8420220319775
B6079,"STICKERS NOEL JJ-SDE20.5*26CM",,12,12,PCS,"1,90",#VALUE!,#VALUE!,8420220360791
B6081,"STICKERS NOEL JJ-SDN20.5*36.5CM",,72,72,PCS,"1,90",#VALUE!,#VALUE!,8420220360814
F4579,"ACCESOIRE SERRE TETE NOEL",,24,24,PCS,"2,90",#VALUE!,#VALUE!,8420220345798
F4738,"ACCESOIRE SERRE TETE NOEL",,48,48,PCS,"1,90",#VALUE!,#VALUE!,8420220347389
F4591,"ACCESOIRE SERRE TETE NOEL",,24,24,PCS,"2,90",#VALUE!,#VALUE!,8420220345910
F4580,"ACCESOIRE SERRE TETE NOEL",,48,48,PCS,"2,90",#VALUE!,#VALUE!,8420220345804
F4583,"ACCESOIRE SERRE TETE NOEL",,48,48,PCS,"2,90",#VALUE!,#VALUE!,8420220345835
XM-166,"CALENDRIER 2024",5,100,500,PCS,€0.40,€200.00,,
XM-086,"PINCE EN BOIS",1,144,144,PCS,€0.37,€53.28,,
XM-090,,6,40,240,PCS,€0.82,€196.80,,
,,1,2,2,PCS,€0.17,€0.34,,
,,1,45,45,PCS,€0.51,€22.95,,
,,1,20,20,PCS,€0.51,€10.20,,
,,1,1,1,PCS,€0.14,€0.14,,
,"RIDEAUX EN FIL",,1,1,PCS,€0.23,€0.23,,
,,1,50,50,PCS,€0.60,€30.00,,
,,1,30,30,PCS,€8.57,€257.10,,
,,,79,79,PCS,€0.40,€31.60,,
,,,90,90,PCS,€0.16,€14.40,,
,,,80,80,PCS,€0.81,€64.80,,
,,,90,90,PCS,€0.33,€29.70,,
,"RIDEAUX EN FIL",1,15,15,PCS,€0.44,€6.60,,
,"NOTES AUTOCOLLANTES",1,30,30,PCS,€0.43,€12.90,,
,"ORDINATEUR DE CAISSE",6,2,2,SETS,€52.14,€104.28,,
,,,,,,,,,
,,,,,,,,,
